case_id,q1,q2,q3,q4,q5,q6,q7,q8,q9,q10,q11,q12,q13,q14,q15,q16,q17,q18,expected_1,expected_2,expected_3,expected_4,expected_5,expected_6,expected_7,expected_8,expected_9,expected_10,expected_11,expected_12,expected_13,expected_14,expected_15,expected_16,expected_17,expected_18
1,1,2,3,4,5,1,2,3,4,5,1,2,3,4,5,1,2,3,2.8421052631578942,2.7878787878787876,2.8484848484848486,2.7966101694915255,2.921875,2.969230769230769,2.9661016949152543,2.91044776119403,2.6865671641791042,2.7419354838709675,2.776119402985074,2.8484848484848477,2.742424242424242,2.861538461538461,2.9047619047619047,2.78125,2.852941176470588,2.8000000000000003
